Week,Date,Task,Review,Status
49,2-Dec-2024,Apply for freelance AI jobs,,
49,3-Dec-2024,Mock AI consultancy interview,,
49,4-Dec-2024,Attend an AI consultancy event,,
49,5-Dec-2024,Refine your pitch for consultancy clients,,
49,6-Dec-2024,Write a blog post on AI consulting journey,,
49,7-Dec-2024,Revise the AgroValue project for a portfolio,,
49,8-Dec-2024,Work on portfolio presentation,,
50,9-Dec-2024,Review progress in AI consultancy course,,
50,10-Dec-2024,Connect with AI consultants on LinkedIn,,
50,11-Dec-2024,Update portfolio with latest achievements,,
50,12-Dec-2024,Research AI consultancy challenges,,
50,13-Dec-2024,Apply for more freelance jobs,,
50,14-Dec-2024,Prepare for AI consultancy pitch,,
50,15-Dec-2024,Attend another AI event or seminar,,
51,16-Dec-2024,Apply for AI internships,,
51,17-Dec-2024,Work on pitch strategy for AI consultancy,,
51,18-Dec-2024,Practice delivering the AI consultancy pitch,,
51,19-Dec-2024,Connect with potential consultancy clients,,
51,20-Dec-2024,Finalize the AI consultancy portfolio,,
51,21-Dec-2024,Research latest AI trends in the industry,,
51,22-Dec-2024,Prepare for freelance consultancy interviews,,
52,23-Dec-2024,Apply for AI consultant roles,,
52,24-Dec-2024,Review and polish the portfolio,,
52,25-Dec-2024,Finalize interview preparation materials,,
52,26-Dec-2024,Submit applications for AI internships,,
52,27-Dec-2024,Join consultancy forums and discussions,,
52,28-Dec-2024,Final practice session for AI consultancy,,
52,29-Dec-2024,Review freelance consultancy opportunities,,
52,30-Dec-2024,Final review of consultancy strategy,,
52,31-Dec-2024,Plan for next steps in consultancy journey,,
